"nid","parent_nid","name","serial","type","latitude","longitude","status"
"18","0","Provinsi Nusa Tenggara Barat","52","1","-8.6529334","117.3616476","1"
"19","0","Provinsi Nusa Tenggara Timur","53","1","-8.6573819","121.0793705","1"
"30","0","Provinsi Maluku","81","1","-3.2384616","130.1452734","1"
"31","0","Provinsi Maluku Utara","82","1","1.5709993","127.8087693","1"
"32","0","Provinsi Papua Barat","91","1","-1.3361154","133.1747162","1"
"33","0","Provinsi Papua","94","1","-4.269928","138.0803529","1"
